멜노래코드,노래한글,가수한글
35640848,질주,엔시티 127
36851927,Fact Check,엔시티 127
36851928,무중력,엔시티 127
36851929,행진,엔시티 127
36851930,Angel Eyes,엔시티 127
36851931,Yacht,엔시티 127
36851932,Je Ne Sais Quoi,엔시티 127
36851933,별의 시,엔시티 127
36851934,소나기,엔시티 127
36851935,Real Life,엔시티 127
36726736,Golden Age,엔시티 2023
36374470,Perfume,엔시티 도재정
33628125,Hello Future,엔시티 드림
33628127,맛,엔시티 드림
33628129,오르골,엔시티 드림
35225986,Beatbox,엔시티 드림
36301092,Beatbox,엔시티 드림
35931532,Candy,엔시티 드림
35931533,Graduation,엔시티 드림
35931534,Tangerine Love,엔시티 드림
35931535,입김,엔시티 드림
35931536,문,엔시티 드림
35931537,발자국,엔시티 드림
36111253,Best Friend Ever,엔시티 드림
36546895,Broken Melodies,엔시티 드림
36546894,ISTJ,엔시티 드림
36546897,Yogurt Shake,엔시티 드림
36546899,Skateboard,엔시티 드림
36546900,파랑,엔시티 드림
36546902,Poison,엔시티 드림
36546903,SOS,엔시티 드림
36546905,Pretzel (♡),엔시티 드림
36546906,제자리 걸음,엔시티 드림
36546908,Like We Just Met,엔시티 드림
36726727,Baggy Jeans,엔시티 유
36726728,Call D,엔시티 유
36726729,PADO,엔시티 유
36726731,The BAT,엔시티 유
36726734,Kangaroo,엔시티 유